[{"id":"9fb89a1e.86ea48","type":"tab","label":"Flow 1","disabled":false,"info":""},{"id":"5ad4f3d6.ad034c","type":"webhookrelay","z":"9fb89a1e.86ea48","buckets":"wilock","x":70,"y":20,"wires":[["3a441db2.42e2a2"]]},{"id":"3a441db2.42e2a2","type":"function","z":"9fb89a1e.86ea48","name":"format","func":"return {\n    payload: msg.payload.body\n};","outputs":1,"noerr":0,"x":210,"y":20,"wires":[["48663b57.663354"]]},{"id":"48663b57.663354","type":"json","z":"9fb89a1e.86ea48","name":"","property":"payload","action":"","pretty":false,"x":330,"y":20,"wires":[["a66fc9cc.786988"]]},{"id":"a66fc9cc.786988","type":"switch","z":"9fb89a1e.86ea48","name":"","property":"payload.action","propertyType":"msg","rules":[{"t":"eq","v":"learn","vt":"str"},{"t":"eq","v":"play","vt":"str"}],"checkall":"true","repair":false,"outputs":2,"x":90,"y":100,"wires":[["7fba93cf.35f46c"],["814f5105.0f7f5"]]},{"id":"1d2a428d.bd75ad","type":"exec","z":"9fb89a1e.86ea48","command":"sudo bash learn.sh '","addpay":true,"append":"'","useSpawn":"false","timer":"","oldrc":false,"name":"","x":460,"y":80,"wires":[[],[],[]]},{"id":"7fba93cf.35f46c","type":"function","z":"9fb89a1e.86ea48","name":"param as payload","func":"return {\n    payload: msg.payload.param\n};","outputs":1,"noerr":0,"x":250,"y":80,"wires":[["1d2a428d.bd75ad"]]},{"id":"27545364.64b71c","type":"exec","z":"9fb89a1e.86ea48","command":"sudo bash wilock.sh '","addpay":true,"append":"'","useSpawn":"false","timer":"","oldrc":false,"name":"","x":460,"y":140,"wires":[[],[],[]]},{"id":"814f5105.0f7f5","type":"function","z":"9fb89a1e.86ea48","name":"param as payload","func":"return {\n    payload: msg.payload.param\n};","outputs":1,"noerr":0,"x":250,"y":120,"wires":[["27545364.64b71c"]]}]